barronsname,unitid,barrons2019,barrons2013
Alabama A & M University,100654,C,LC
University of Alabama at Birmingham,100663,C,C
Amridge University,100690,LC,LC
University of Alabama in Huntsville,100706,VC,VC
Alabama State University,100724,LC,C
The University of Alabama,100751,C+,C
Auburn University at Montgomery,100830,C,C
Auburn University,100858,VC+,VC+
Birmingham-Southern College,100937,C+,VC+
Faulkner University,101189,C,C
Huntingdon College,101435,C,C
Jacksonville State University,101480,LC,LC
Judson College,101541,C,C
University of West Alabama,101587,LC,C
Miles College,101675,NC,NC
University of Mobile,101693,C,C
University of Montevallo,101709,C,C
University of North Alabama,101879,C,C
Oakwood University,101912,C,C
Samford University,102049,VC,VC+
University of South Alabama,102094,C,LC
Spring Hill College,102234,C,
Stillman College,102270,C,LC
Talladega College,102298,C,C
Troy University,102368,C,C
Tuskegee University,102377,C,C
University of Alaska Anchorage,102553,C,NC
University of Alaska Fairbanks,102614,VC,C
University of Alaska Southeast,102632,C,LC
Alaska Pacific University,102669,VC,C
Arizona State University-Tempe,104151,VC,C
University of Arizona,104179,C,C
Embry-Riddle Aeronautical University-Prescott,104586,VC,C+
Grand Canyon University,104717,VC,VC
Northern Arizona University,105330,C,C
Prescott College,105589,C,C+
University of Arkansas at Little Rock,106245,LC,NC
Arkansas Baptist College,106306,NC,NC
Lyon College,106342,VC,VC
University of Arkansas,106397,VC,VC
University of Arkansas at Pine Bluff,106412,C,C
Arkansas State University-Main Campus,106458,C,C
Arkansas Tech University,106467,LC,C
University of Arkansas at Monticello,106485,LC,NC
University of Central Arkansas,106704,VC,VC
Harding University,107044,C,VC
Henderson State University,107071,C,VC
Hendrix College,107080,VC,HC+
John Brown University,107141,VC,VC
Ouachita Baptist University,107512,VC,VC
University of the Ozarks,107558,NC,C
Philander Smith College,107600,LC,LC
Williams Baptist University,107877,C,C
Southern Arkansas University Main Campus,107983,C,C
Art Center College of Design,109651,Special,Specialized programs
Azusa Pacific University,109785,C,C
Biola University,110097,C,VC
California Baptist University,110361,C,C
California College of the Arts,110370,Special,Specialized programs
California Institute of Technology,110404,MC,Most competitive
California Lutheran University,110413,C,C
California Polytechnic State University-San Luis Obispo,110422,MC,HC
California State University-Bakersfield,110486,LC,LC
California State University-Stanislaus,110495,LC,C
California State University-San Bernardino,110510,C,C
California State Polytechnic University-Pomona,110529,C,C
California State University-Chico,110538,VC,C
California State University-Dominguez Hills,110547,LC,LC
California State University-Fresno,110556,LC,LC
California State University-Fullerton,110565,C,C+
California State University-East Bay,110574,C,C
California State University-Long Beach,110583,C,C+
California State University-Los Angeles,110592,LC,C
California State University-Northridge,110608,LC,LC
California State University-Sacramento,110617,C,C
University of California-Berkeley,110635,MC,Most competitive
University of California-Davis,110644,HC,HC
University of California-Irvine,110653,VC,HC
University of California-Los Angeles,110662,HC+,Most competitive
University of California-Riverside,110671,C,C
University of California-San Diego,110680,MC,VC
University of California-Santa Barbara,110705,HC+,HC
University of California-Santa Cruz,110714,C+,VC
California Institute of the Arts,111081,Special,Specialized programs
California State University Maritime Academy,111188,C+,C
Chapman University,111948,HC,VC+
Concordia University-Irvine,112075,VC,VC
San Diego Christian College,112084,C,C
Claremont McKenna College,112260,MC,Most competitive
Cogswell College,112394,C,C
Dominican University of California,113698,C,C
Fresno Pacific University,114813,C,C
Golden Gate University-San Francisco,115083,C,C
Harvey Mudd College,115409,MC,Most competitive
Holy Names University,115728,LC,
Humboldt State University,115755,C,C
Humphreys University-Stockton and Modesto Campuses,115773,C,
American Jewish University,116846,C,C
University of La Verne,117140,C,C
Laguna College of Art and Design,117168,Special,Specialized programs
La Sierra University,117627,VC,C
The Master's University and Seminary,117751,C,C+
Loyola Marymount University,117946,VC+,VC+
Menlo College,118693,LC,C
Mills College,118888,C,VC
Mount Saint Mary's University,119173,VC+,C+
National University,119605,LC,Specialized programs
Newschool of Architecture and Design,119775,Special,
Notre Dame de Namur University,120184,LC,LC
Occidental College,120254,MC,Most competitive
Otis College of Art and Design,120403,Special,Specialized programs
Hope International University,120537,C,C
Pacific Union College,120865,VC,VC
University of the Pacific,120883,VC,VC+
Pepperdine University,121150,VC+,HC+
Pitzer College,121257,HC+,Most competitive
Point Loma Nazarene University,121309,C+,VC
Pomona College,121345,MC,Most competitive
University of Redlands,121691,VC,VC
San Diego State University,122409,VC,VC
University of San Diego,122436,HC,HC
San Francisco Art Institute,122454,Special,Specialized programs
San Francisco Conservatory of Music,122506,Special,Specialized programs
San Francisco State University,122597,LC,C
University of San Francisco,122612,C,VC
San Jose State University,122755,C,C
Scripps College,123165,HC,Most competitive
Simpson University,123457,C,C
Saint Mary's College of California,123554,C,C
Sonoma State University,123572,C,C
Vanguard University of Southern California,123651,VC,C
University of Southern California,123961,MC,Most competitive
Thomas Aquinas College,124292,HC+,HC+
Westmont College,125727,VC,HC
Whittier College,125763,C,C
Woodbury University,125897,VC,LC
Adams State University,126182,LC,C
University of Colorado Denver/Anschutz Medical Campus,126562,C,
University of Colorado Colorado Springs,126580,C,VC
University of Colorado Boulder,126614,HC,VC+
Colorado Christian University,126669,VC,VC
Colorado College,126678,MC,Most competitive
Colorado School of Mines,126775,MC,HC
Colorado State University-Fort Collins,126818,C,VC
Colorado Technical University-Colorado Springs,126827,NC,LC
University of Denver,127060,VC+,VC+
Fort Lewis College,127185,C,C
Colorado Mesa University,127556,LC,C
Metropolitan State University of Denver,127565,LC,LC
Naropa University,127653,NC,Specialized programs
University of Northern Colorado,127741,C,C
Regis University,127918,C,C
Rocky Mountain College of Art and Design,127945,Special,Specialized programs
Colorado State University-Pueblo,128106,C,LC
United States Air Force Academy,128328,C,Most competitive
Western Colorado University,128391,C,C
Albertus Magnus College,128498,LC,C
University of Bridgeport,128744,LC,LC
Central Connecticut State University,128771,C,C
Charter Oak State College,128780,NC,Specialized programs
Connecticut College,128902,MC,Most competitive
Goodwin College,129154,LC,
Eastern Connecticut State University,129215,C,C
Fairfield University,129242,HC,VC+
University of Hartford,129525,C,C
Mitchell College,129774,C,C
University of New Haven,129941,C,C
Post University,130183,C,C
Quinnipiac University,130226,VC,VC
Sacred Heart University,130253,C,C
University of Saint Joseph,130314,C,LC
Southern Connecticut State University,130493,LC,C
Trinity College,130590,HC,HC
United States Coast Guard Academy,130624,HC,HC
Wesleyan University,130697,MC,Most competitive
Western Connecticut State University,130776,LC,C
Yale University,130794,MC,Most competitive
Delaware State University,130934,LC,LC
University of Delaware,130943,VC,VC
Goldey-Beacom College,130989,C,C
Wesley College,131098,LC,C
Wilmington University,131113,NC,NC
American University,131159,HC,HC+
The Catholic University of America,131283,VC,VC
University of the District of Columbia,131399,LC,LC
Gallaudet University,131450,LC,Specialized programs
George Washington University,131469,HC+,Most competitive
Georgetown University,131496,MC,Most competitive
Howard University,131520,C+,C
Trinity Washington University,131876,C+,C+
Barry University,132471,LC,C
Bethune-Cookman University,132602,C,C
Lynn University,132657,LC,C
Carlos Albizu University-Miami,132842,LC,LC
University of Central Florida,132903,VC,C
Eckerd College,133492,VC,VC
Edward Waters College,133526,NC,LC
Embry-Riddle Aeronautical University-Daytona Beach,133553,VC,C+
Florida Agricultural and Mechanical University,133650,C,C
Florida Atlantic University,133669,C,C+
Flagler College-St Augustine,133711,C,VC+
AdventHealth University,133872,Special,
Florida Institute of Technology,133881,VC,VC
Florida International University,133951,C,VC+
Florida Memorial University,133979,LC,LC
Florida Southern College,134079,VC,C+
Florida State University,134097,HC,VC
University of Florida,134130,HC+,HC+
Jacksonville University,134945,C,C
Keiser University-Ft Lauderdale,135081,LC,
University of Miami,135726,MC,Most competitive
University of North Florida,136172,VC,VC
Nova Southeastern University,136215,C+,C+
Palm Beach Atlantic University,136330,C,C
Ringling College of Art and Design,136774,Special,Specialized programs
Rollins College,136950,HC,HC
Saint Leo University,137032,C,C
University of South Florida-Main Campus,137351,VC,C
St. Thomas University,137476,LC,C+
Stetson University,137546,VC+,VC
Southeastern University,137564,LC,LC
The University of Tampa,137847,VC,C
Warner University,138275,C,C
Webber International University,138293,C,LC
The University of West Florida,138354,C,C
Agnes Scott College,138600,VC+,HC
Albany State University,138716,C,C
The Art Institute of Atlanta,138813,Special,Specialized programs
Clark Atlanta University,138947,LC,C
Berry College,139144,VC,HC
Brenau University- Women's College,139199,LC,C+
Brewton-Parker College,139205,LC,LC
Clayton  State University,139311,LC,LC
Columbus State University,139366,LC,C
Covenant College,139393,HC,VC+
South University-Savannah,139579,LC,LC
Emory University,139658,MC,Most competitive
Fort Valley State University,139719,VC,C
Georgia Institute of Technology-Main Campus,139755,MC,HC+
Georgia Southwestern State University,139764,LC,C
Georgia College & State University,139861,C+,C+
Georgia Southern University,139931,VC,C+
Georgia State University,139940,C,VC
University of Georgia,139959,HC,HC+
LaGrange College,140234,C,C
Mercer University,140447,VC,VC+
Morehouse College,140553,C,C
Oglethorpe University,140696,C,VC
Paine College,140720,LC,LC
Piedmont College,140818,C,C
Reinhardt University,140872,C,C
Savannah College of Art and Design,140951,Special,Specialized programs
Savannah State University,140960,C,LC
Shorter University,140988,LC,C
Spelman College,141060,C,VC
Thomas University,141167,NC,
Toccoa Falls College,141185,C,C
Valdosta State University,141264,C,C
Wesleyan College,141325,C+,C+
University of West Georgia,141334,LC,C
Chaminade University of Honolulu,141486,C,C
University of Hawaii at Hilo,141565,VC,C
University of Hawaii at Manoa,141574,C,VC
Hawaii Pacific University,141644,C,C
Boise State University,142115,C,LC
Idaho State University,142276,LC,C
University of Idaho,142285,C,VC
The College of Idaho,142294,C,C+
Lewis-Clark State College,142328,C,C
Northwest Nazarene University,142461,C,NC
School of the Art Institute of Chicago,143048,Special,Specialized programs
Augustana College,143084,VC+,HC
Aurora University,143118,C,C
Blackburn College,143288,LC,C
Bradley University,143358,VC,VC
Chicago State University,144005,C,C
University of Chicago,144050,MC,Most competitive
Columbia College Chicago,144281,C,LC
Concordia University-Chicago,144351,C,C
DePaul University,144740,VC,VC
Eastern Illinois University,144892,C,C
Elmhurst College,144962,C,C
Eureka College,144971,C,C
Greenville University,145372,LC,C
University of Illinois at Chicago,145600,VC,VC
Benedictine University,145619,C,C
University of Illinois at Urbana-Champaign,145637,HC,HC
Illinois Wesleyan University,145646,VC+,HC
Illinois College,145691,VC,C
Illinois Institute of Technology,145725,HC+,HC+
Illinois State University,145813,VC,VC
Judson University,146339,C,C
Knox College,146427,VC+,HC+
Lake Forest College,146481,VC,VC
Lewis University,146612,C,C
Loyola University Chicago,146719,VC,VC+
Trinity College of Nursing & Health Sciences,146755,Special,Specialized programs
MacMurray College,146825,C,C
McKendree University,147013,C+,C+
Millikin University,147244,C,C
Monmouth College,147341,C,C
National Louis University,147536,LC,LC
North Central College,147660,C+,VC
North Park University,147679,C,C
Northern Illinois University,147703,C,C
Northwestern University,147767,MC,Most competitive
Northeastern Illinois University,147776,LC,C
Olivet Nazarene University,147828,VC,C
Principia College,148016,C,VC
Quincy University,148131,LC,LC
Rockford University,148405,C,C
Roosevelt University,148487,VC,VC
Dominican University,148496,C+,C
University of St Francis,148584,C,VC
Saint Xavier University,148627,C,C
Southern Illinois University-Carbondale,149222,C,C+
Southern Illinois University-Edwardsville,149231,C,C
Trinity Christian College,149505,C,C
Trinity International University-Illinois,149514,VC,C
VanderCook College of Music,149639,Special,Specialized programs
Western Illinois University,149772,C,C
Wheaton College,149781,MC,HC+
Anderson University,150066,C,C
Ball State University,150136,C+,C
Bethel University,150145,C,C
Butler University,150163,VC+,VC+
Calumet College of Saint Joseph,150172,C,LC
DePauw University,150400,VC,VC+
Earlham College,150455,HC,VC+
University of Evansville,150534,C+,VC+
Franklin College,150604,C,C
Goshen College,150668,C,VC
Grace College and Theological Seminary,150677,C,C
Hanover College,150756,C+,VC
Huntington University,150941,C,C
Purdue University Fort Wayne,151102,C,LC
Indiana University-Purdue University-Indianapolis,151111,C,C
University of Indianapolis,151263,VC,LC
Indiana Institute of Technology,151290,LC,C
University of Southern Indiana,151306,C,LC
Indiana State University,151324,LC,C
Indiana University-Kokomo,151333,C,LC
Indiana University-South Bend,151342,C,LC
Indiana University-Bloomington,151351,HC,HC
Indiana University-Northwest,151360,LC,LC
Indiana University-Southeast,151379,C,LC
Indiana University-East,151388,C,LC
Manchester University,151777,C,C
Marian University,151786,C,C
Indiana Wesleyan University-Marion,151801,C,C
Martin University,151810,LC,Specialized programs
University of Notre Dame,152080,MC,Most competitive
Oakland City University,152099,NC,NC
Rose-Hulman Institute of Technology,152318,MC,Most competitive
University of Saint Francis-Fort Wayne,152336,C,C
Saint Mary-of-the-Woods College,152381,LC,C
Saint Mary's College,152390,C,VC
Taylor University,152530,VC,VC+
Trine University,152567,C,C
Valparaiso University,152600,VC,VC
Wabash College,152673,VC,VC
Allen College,152798,LC,Specialized programs
Briar Cliff University,152992,C,C
Buena Vista University,153001,C,C
Central College,153108,C,VC
Clarke University,153126,C,C
Coe College,153144,VC,VC
Cornell College,153162,VC,HC
Dordt University,153250,C+,VC
Drake University,153269,HC,VC
University of Dubuque,153278,C,C
Graceland University-Lamoni,153366,C,C
Grand View University,153375,C,LC
Grinnell College,153384,MC,
Iowa State University,153603,C,C
Iowa Wesleyan University,153621,C,LC
University of Iowa,153658,HC,VC
Loras College,153825,C,VC
Luther College,153834,VC,VC+
Maharishi University of Management,153861,VC,VC
Mercy College of Health Sciences,153977,Special,Specialized programs
Morningside College,154004,C,C
Mount Mercy University,154013,C,C
Ashford University,154022,C,C
University of Northern Iowa,154095,C,C
Northwestern College,154101,C,C+
Saint Ambrose University,154235,C,C
Simpson College,154350,VC,VC
Upper Iowa University,154493,NC,NC
Wartburg College,154527,C,VC
William Penn University,154590,C,C
Baker University,154688,C,C
Benedictine College,154712,VC,VC+
Bethany College,154721,LC,LC
Bethel College-North Newton,154749,C,VC+
Emporia State University,155025,C,C
Fort Hays State University,155061,C,C
Friends University,155089,C,LC
University of Kansas,155317,VC,C+
Newman University,155335,C,C+
Kansas State University,155399,VC,VC
Kansas Wesleyan University,155414,C,C
McPherson College,155511,C,C
MidAmerica Nazarene University,155520,C,C
Ottawa University-Ottawa,155627,VC,VC
Pittsburg State University,155681,C,C
University of Saint Mary,155812,NC,C+
Southwestern College,155900,LC,C
Sterling College,155937,LC,C
Tabor College,155973,C,LC
Washburn University,156082,C,NC
Wichita State University,156125,C,C
Alice Lloyd College,156189,LC,C
Asbury University,156213,C+,VC
Bellarmine University,156286,C,VC
Berea College,156295,C,VC+
Brescia University,156356,VC,C
Campbellsville University,156365,C,C
Centre College,156408,MC,HC+
University of the Cumberlands,156541,LC,C
Eastern Kentucky University,156620,C,C
Georgetown College,156745,C,C
Kentucky State University,157058,LC,LC
Kentucky Wesleyan College,157076,LC,C
University of Kentucky,157085,C+,C
Kentucky Christian University,157100,LC,LC
Lindsey Wilson College,157216,C,C
University of Louisville,157289,C,VC
Midway University,157377,LC,C
Morehead State University,157386,LC,C
Murray State University,157401,C+,VC
Northern Kentucky University,157447,C,NC
University of Pikeville,157535,C,NC
Spalding University,157757,C,C
Thomas More University,157809,LC,C
Transylvania University,157818,HC+,VC+
Union College,157863,C,C
Western Kentucky University,157951,C,LC
Centenary College of Louisiana,158477,C+,VC
Dillard University,158802,VC,VC
Grambling State University,159009,C,NC
Louisiana State University and Agricultural & Mechanical College,159391,VC,VC+
Louisiana State University-Shreveport,159416,C,LC
Louisiana College,159568,C,C
Louisiana Tech University,159647,VC,C
Loyola University New Orleans,159656,VC,HC
McNeese State University,159717,C,LC
University of New Orleans,159939,C,VC
Nicholls State University,159966,C,C
University of Louisiana at Monroe,159993,C,C
Northwestern State University of Louisiana,160038,LC,C
University of Holy Cross,160065,NC,LC
Southeastern Louisiana University,160612,C,C+
Southern University and A & M College,160621,LC,C+
Southern University at New Orleans,160630,LC,NC
University of Louisiana at Lafayette,160658,C,C
Tulane University of Louisiana,160755,MC,Most competitive
Xavier University of Louisiana,160904,C,C
College of the Atlantic,160959,HC+,Most competitive
Bates College,160977,HC,Most competitive
Bowdoin College,161004,MC,Most competitive
Colby College,161086,MC,Most competitive
University of Maine at Augusta,161217,C,C
University of Maine at Farmington,161226,C,C
University of Maine at Fort Kent,161235,LC,LC
University of Maine at Machias,161244,C,C
University of Maine,161253,VC,C+
Maine Maritime Academy,161299,C,C
University of Maine at Presque Isle,161341,LC,LC
University of New England,161457,C,C
Maine College of Art,161509,Special,Specialized programs
Saint Joseph's College of Maine,161518,C,C
University of Southern Maine,161554,C,C
Thomas College,161563,LC,LC
Unity College,161572,C,LC
Bowie State University,162007,LC,C
Capitol Technology University,162061,Special,C
Washington Adventist University,162210,LC,C+
Coppin State University,162283,VC,C
Frostburg State University,162584,LC,C
Goucher College,162654,VC,VC+
Hood College,162760,C,VC
Johns Hopkins University,162928,MC,Most competitive
Loyola University Maryland,163046,VC,VC
University of Maryland Global Campus,163204,LC,Specialized programs
University of Maryland-Baltimore County,163268,VC,VC
University of Maryland-College Park,163286,HC,HC
Maryland Institute College of Art,163295,Special,Specialized programs
University of Maryland Eastern Shore,163338,LC,C
Morgan State University,163453,LC,C
Mount St. Mary's University,163462,C,C
Notre Dame of Maryland University,163578,VC,C
Salisbury University,163851,VC,C
St. Mary's College of Maryland,163912,VC,HC
St. John's College,163976,MC,HC
Towson University,164076,C,VC
United States Naval Academy,164155,HC,Most competitive
Stevenson University,164173,C,C
Washington College,164216,VC,VC
McDaniel College,164270,VC,VC
American International College,164447,LC,LC
Amherst College,164465,MC,Most competitive
Anna Maria College,164492,C,LC
Assumption College,164562,VC,C
Babson College,164580,HC,HC
Bay Path University,164632,C,C
Becker College,164720,LC,LC
Bentley University,164739,MC,HC
Berklee College of Music,164748,Special,Specialized programs
Boston Architectural College,164872,Special,Specialized programs
Boston College,164924,MC,Most competitive
Boston University,164988,MC,HC+
Brandeis University,165015,MC,Most competitive
Bridgewater State University,165024,C,C
Cambridge College,165167,NC,Specialized programs
Clark University,165334,HC+,HC
Curry College,165529,C,C
Eastern Nazarene College,165644,C,C
Emerson College,165662,HC+,HC
Emmanuel College,165671,C+,C
Endicott College,165699,C+,C
Fitchburg State University,165820,LC,C
Framingham State University,165866,C,C
Benjamin Franklin Institute of Technology,165884,Special,Specialized programs
Gordon College,165936,VC,VC+
Hampshire College,166018,MC,HC
Harvard University,166027,MC,Most competitive
Hellenic College-Holy Cross Greek Orthodox School of Theology,166054,C,VC
College of the Holy Cross,166124,MC,Most competitive
Lasell University,166391,C,C
Lesley University,166452,C,C
University of Massachusetts-Lowell,166513,VC,C
University of Massachusetts-Amherst,166629,HC,VC
University of Massachusetts-Boston,166638,C,C
MCPHS University,166656,Special,Specialized programs
Massachusetts College of Art and Design,166674,Special,Specialized programs
Massachusetts Institute of Technology,166683,MC,Most competitive
Massachusetts Maritime Academy,166692,C,C
Merrimack College,166850,C,C
Montserrat College of Art,166911,Special,Specialized programs
Mount Holyoke College,166939,MC,HC+
The New England Conservatory of Music,167057,Special,Specialized programs
Newbury College,167251,C,C
Nichols College,167260,LC,LC
Massachusetts College of Liberal Arts,167288,C,C
Northeastern University,167358,MC,HC+
College of Our Lady of the Elms,167394,VC,VC
Pine Manor College,167455,LC,LC
Regis College,167598,LC,LC
Salem State University,167729,LC,LC
Simmons University,167783,HC,VC
Bard College at Simon's Rock,167792,MC,HC
Smith College,167835,MC,Most competitive
Springfield College,167899,C,C
University of Massachusetts-Dartmouth,167987,C,VC
Stonehill College,167996,C,HC
Suffolk University,168005,C,C
Tufts University,168148,MC,Most competitive
Wellesley College,168218,MC,Most competitive
Wentworth Institute of Technology,168227,VC,C
Western New England University,168254,C,C+
Westfield State University,168263,C,C
Wheaton College,168281,VC,HC+
Williams College,168342,MC,Most competitive
Worcester Polytechnic Institute,168421,MC,HC+
Worcester State University,168430,C,C
Adrian College,168528,C,C
Albion College,168546,C,VC
Alma College,168591,VC,VC
Andrews University,168740,C,C+
Aquinas College,168786,VC,C
Calvin University,169080,HC,VC+
Central Michigan University,169248,C,C
Concordia University-Ann Arbor,169363,C+,VC
College for Creative Studies,169442,Special,Specialized programs
Davenport University,169479,LC,LC
University of Detroit Mercy,169716,C,C
Eastern Michigan University,169798,C,C
Ferris State University,169910,C,C
Kettering University,169983,HC,HC
Grace Christian University,170000,C,C
Cornerstone University,170037,C,C
Grand Valley State University,170082,C+,VC
Hillsdale College,170286,MC,
Hope College,170301,VC,VC+
Kalamazoo College,170532,HC,HC+
Lake Superior State University,170639,C,LC
Lawrence Technological University,170675,VC,VC
Madonna University,170806,LC,VC
Marygrove College,170842,LC,C
Rochester University,170967,LC,C
University of Michigan-Ann Arbor,170976,MC,HC+
Michigan State University,171100,VC,VC
Michigan Technological University,171128,VC+,VC
University of Michigan-Dearborn,171137,VC,VC
University of Michigan-Flint,171146,C,C
Northern Michigan University,171456,C,VC
Northwood University,171492,LC,LC
Oakland University,171571,C,VC
Olivet College,171599,LC,C
Saginaw Valley State University,172051,C,C
Siena Heights University,172264,C,LC
Spring Arbor University,172334,C,C
Wayne State University,172644,C,C
Western Michigan University,172699,C,C
Augsburg University,173045,C,C
Bemidji State University,173124,C,C
Bethel University,173160,C+,VC
Carleton College,173258,MC,Most competitive
Concordia College at Moorhead,173300,C,C+
Concordia University-Saint Paul,173328,C,C
Gustavus Adolphus College,173647,HC,HC
Hamline University,173665,C,VC
Macalester College,173902,MC,Most competitive
Minnesota State University-Mankato,173920,C,LC
Metropolitan State University,174020,C,Specialized programs
University of Minnesota-Twin Cities,174066,MC,HC
University of Minnesota-Crookston,174075,C,LC
Minneapolis College of Art and Design,174127,Special,Specialized programs
University of Minnesota-Duluth,174233,C,C+
University of Minnesota-Morris,174251,VC,VC
Minnesota State University Moorhead,174358,C,C
North Central University,174437,C,C
University of Northwestern-St Paul,174491,C,C
College of Saint Benedict,174747,C,VC
Saint Cloud State University,174783,C,C
Saint Johns University,174792,C,VC
Saint Mary's University of Minnesota,174817,C,C
St Olaf College,174844,HC,HC+
The College of Saint Scholastica,174899,C+,C
University of St Thomas,174914,VC,C
St Catherine University,175005,C,C
Southwest Minnesota State University,175078,C,C
Winona State University,175272,C,C
Alcorn State University,175342,C,C
Belhaven University,175421,C,NC
Blue Mountain College,175430,C,C
Delta State University,175616,LC,C
Jackson State University,175856,LC,C
Millsaps College,175980,C+,VC+
University of Mississippi,176017,C,C
Mississippi University for Women,176035,C,LC
Mississippi Valley State University,176044,LC,LC
Mississippi College,176053,C,C
Mississippi State University,176080,C+,C
Rust College,176318,C,C
University of Southern Mississippi,176372,C,C
Tougaloo College,176406,NC,NC
William Carey University,176479,LC,LC
Avila University,176628,C,C
Cox College,176770,Special,LC
Central Methodist University-College of Liberal Arts and Sciences,176947,VC,C
University of Central Missouri,176965,C,C
Columbia College,177065,C,C
Culver-Stockton College,177144,C,C
Drury University,177214,VC,VC
Evangel University,177339,C,C
Fontbonne University,177418,C,C
Hannibal-LaGrange University,177542,C,C
Harris-Stowe State University,177551,NC,Specialized programs
Kansas City Art Institute,177746,Special,Specialized programs
Lincoln University,177940,NC,NC
Lindenwood University,177968,C,C
Maryville University of Saint Louis,178059,VC,VC
Missouri Baptist University,178244,C,C
Missouri Southern State University,178341,C,C
Missouri Valley College,178369,C,C
Missouri Western State University,178387,LC,NC
University of Missouri-Columbia,178396,VC,VC
University of Missouri-Kansas City,178402,VC,VC
Missouri University of Science and Technology,178411,HC,VC+
University of Missouri-St Louis,178420,VC,VC
Truman State University,178615,MC,HC
Northwest Missouri State University,178624,C,C
College of the Ozarks,178697,VC,VC
Park University,178721,C,C
Research College of Nursing,178989,Special,Specialized programs
Rockhurst University,179043,C,C
Saint Louis University,179159,HC,VC+
Southwest Baptist University,179326,LC,C
Stephens College,179548,C,VC
Southeast Missouri State University,179557,C,C
Missouri State University-Springfield,179566,C+,VC
Washington University in St Louis,179867,MC,Most competitive
Webster University,179894,C,C
Westminster College,179946,C,VC
William Jewell College,179955,C+,VC+
William Woods University,179964,C,C
Carroll College,180106,C,C
Montana State University Billings,180179,LC,LC
Great Falls College Montana State University,180249,C,
Montana Technological University,180416,VC,C
Montana State University,180461,C+,VC
The University of Montana,180489,C,C
Montana State University-Northern,180522,NC,NC
Rocky Mountain College,180595,C,C
The University of Montana-Western,180692,LC,LC
Bellevue University,180814,NC,NC
Clarkson College,180832,C,VC
Chadron State College,180948,LC,NC
Concordia University-Nebraska,180984,VC,VC
Creighton University,181002,VC,VC+
Doane University,181020,VC,C
Hastings College,181127,C+,C+
University of Nebraska at Kearney,181215,LC,C
Nebraska Methodist College of Nursing & Allied Health,181297,C,Specialized programs
Midland University,181330,C,C
University of Nebraska at Omaha,181394,C,C
Nebraska Wesleyan University,181446,C+,C+
University of Nebraska-Lincoln,181464,VC,C
Peru State College,181534,LC,NC
College of Saint Mary,181604,C,LC
Union College,181738,C,VC
Wayne State College,181783,NC,NC
York College,181853,C,C
University of Nevada-Las Vegas,182281,C,C
University of Nevada-Reno,182290,C,NC
Sierra Nevada College,182458,C,VC
Colby-Sawyer College,182634,C,C
Dartmouth College,182670,MC,Most competitive
Franklin Pierce University,182795,LC,C
New England College,182980,NC,LC
Southern New Hampshire University,183026,C,C
University of New Hampshire-Main Campus,183044,VC,VC
Keene State College,183062,C,C
University of New Hampshire at Manchester,183071,C,
Plymouth State University,183080,LC,C
Rivier University,183211,VC,C
Saint Anselm College,183239,VC,C
Granite State College,183257,Special,Specialized programs
Thomas More College of Liberal Arts,183275,C,C
Berkeley College/New Jersey,183789,LC,LC
Bloomfield College,183822,LC,C
Caldwell University,183910,LC,LC
Centenary University,183974,LC,LC
Drew University,184348,VC,VC
Fairleigh Dickinson University-Metropolitan Campus,184603,C,C
Felician University,184612,LC,C
Fairleigh Dickinson University-Florham Campus,184694,C,C
Georgian Court University,184773,LC,LC
Rowan University,184782,VC,VC
New Jersey City University,185129,LC,C+
Kean University,185262,C,C
Monmouth University,185572,C,VC
Montclair State University,185590,C,C
New Jersey Institute of Technology,185828,HC,VC
Princeton University,186131,MC,Most competitive
Ramapo College of New Jersey,186201,VC,HC
Rider University,186283,C,C
Rutgers University-Camden,186371,C,VC
Rutgers University-New Brunswick,186380,HC,HC
Rutgers University-Newark,186399,C,VC
Saint Peter's University,186432,C,LC
Seton Hall University,186584,C,C
College of Saint Elizabeth,186618,LC,LC
Stevens Institute of Technology,186867,MC,HC
Stockton University,186876,C,VC
Thomas Edison State University,187046,NC,Specialized programs
The College of New Jersey,187134,VC+,Most competitive
William Paterson University of New Jersey,187444,C,C
Eastern New Mexico University-Main Campus,187648,LC,C
New Mexico Highlands University,187897,LC,NC
New Mexico Institute of Mining and Technology,187967,HC+,HC
University of New Mexico-Main Campus,187985,C,C
New Mexico State University-Main Campus,188030,LC,LC
University of the Southwest,188182,C,C
Western New Mexico University,188304,LC,LC
Vaughn College of Aeronautics and Technology,188340,Special,Specialized programs
Adelphi University,188429,C,C
Albany College of Pharmacy and Health Sciences,188526,Special,Specialized programs
Alfred University,188641,C,VC
Bard College,189088,HC,VC+
Barnard College,189097,MC,Most competitive
Berkeley College-New York,189228,LC,LC
Boricua College,189413,C,C
Canisius College,189705,C,VC
Cazenovia College,189848,C,C
Clarkson University,190044,VC,VC
Colgate University,190099,MC,Most competitive
Metropolitan College of New York,190114,VC,VC
Columbia University in the City of New York,190150,MC,Most competitive
Concordia College-New York,190248,LC,C
Cooper Union for the Advancement of Science and Art,190372,MC,Most competitive
Cornell University,190415,MC,Most competitive
CUNY Bernard M Baruch College,190512,HC,VC
CUNY Brooklyn College,190549,C+,C+
College of Staten Island CUNY,190558,LC,NC
CUNY City College,190567,C,C
CUNY Hunter College,190594,VC,VC
CUNY John Jay College of Criminal Justice,190600,Special,C
CUNY Lehman College,190637,LC,LC
CUNY Medgar Evers College,190646,NC,NC
CUNY New York City College of Technology,190655,LC,NC
CUNY Queens College,190664,C,C
CUNY York College,190691,LC,NC
D'Youville College,190716,C,C
Daemen College,190725,C,C
Dominican College of Blauvelt,190761,LC,C
Elmira College,190983,C,C+
Fashion Institute of Technology,191126,Special,C
Five Towns College,191205,LC,Specialized programs
Fordham University,191241,MC,HC
Hamilton College,191515,MC,Most competitive
Hartwick College,191533,C,C+
Hilbert College,191621,LC,C
Hobart William Smith Colleges,191630,HC+,VC
Hofstra University,191649,C+,VC+
Houghton College,191676,VC,VC+
Iona College,191931,C,VC
Ithaca College,191968,VC+,VC
Jewish Theological Seminary of America,192040,Special,
The Juilliard School,192110,Special,Specialized programs
Keuka College,192192,C,C
LIM College,192271,LC,LC
Le Moyne College,192323,VC,VC
Manhattan College,192703,C,VC
Manhattan School of Music,192712,Special,Specialized programs
Manhattanville College,192749,C,VC
Marist College,192819,VC,C
Marymount Manhattan College,192864,C,VC
Medaille College,192925,LC,LC
Mercy College,193016,C,NC
Molloy College,193292,C,C
Monroe College,193308,C,C
Mount Saint Mary College,193353,C,C
College of Mount Saint Vincent,193399,C,C
Nazareth College,193584,C,VC
The College of New Rochelle,193645,LC,VC
Eugene Lang College of Liberal Arts,193654,VC,HC
New York University,193900,MC,Most competitive
Niagara University,193973,C,C
New York Institute of Technology,194091,VC,VC
Nyack College,194161,LC,C
Pace University,194310,C,VC
Pratt Institute-Main,194578,VC+,Specialized programs
Rensselaer Polytechnic Institute,194824,MC,Most competitive
Roberts Wesleyan College,194958,C,C+
Rochester Institute of Technology,195003,HC+,VC+
University of Rochester,195030,MC,Most competitive
Russell Sage College,195128,C,C
St Bonaventure University,195164,C,C
St Francis College,195173,LC,LC
St Lawrence University,195216,HC+,HC
The College of Saint Rose,195234,C,C
St. Thomas Aquinas College,195243,C,C
Sarah Lawrence College,195304,MC,HC
Siena College,195474,C,VC
Skidmore College,195526,MC,HC
St. Joseph's College-New York,195544,LC,C
St. Joseph's College-Long Island,195562,C,
Saint John Fisher College,195720,VC,C
St John's University-New York,195809,C+,C
SUNY College of Technology at Alfred,196006,C,C
SUNY College of Agriculture and Technology at Cobleskill,196033,LC,C
Farmingdale State College,196042,C,C+
SUNY at Albany,196060,C,VC
Binghamton University,196079,MC,HC+
University at Buffalo,196088,C,VC+
Stony Brook University,196097,MC,HC
SUNY College of Environmental Science and Forestry,196103,VC,HC
SUNY Polytechnic Institute,196112,VC,C
SUNY College at Brockport,196121,C,VC
SUNY Buffalo State,196130,LC,C+
SUNY Cortland,196149,C,C
SUNY at Fredonia,196158,C,VC
SUNY College at Geneseo,196167,VC,Most competitive
State University of New York at New Paltz,196176,C,C
SUNY Oneonta,196185,C,VC
SUNY College at Oswego,196194,VC,VC
SUNY College at Potsdam,196200,VC,C
SUNY at Purchase College,196219,C,C
SUNY College at Old Westbury,196237,C,C
SUNY College at Plattsburgh,196246,C,C
SUNY Empire State College,196264,NC,Specialized programs
SUNY Maritime College,196291,C,C
Syracuse University,196413,HC,HC
Touro College,196592,C,C
Excelsior College,196680,Special,Specialized programs
Union College,196866,MC,Most competitive
United States Merchant Marine Academy,197027,HC,HC
United States Military Academy,197036,HC+,Most competitive
Utica College,197045,C,C
Vassar College,197133,MC,Most competitive
School of Visual Arts,197151,Special,Specialized programs
Wagner College,197197,C+,VC
Webb Institute,197221,MC,Most competitive
Wells College,197230,C,VC
Yeshiva University,197708,VC,VC
Appalachian State University,197869,VC,VC
Barton College,197911,C,C
Belmont Abbey College,197984,C,C
Bennett College,197993,NC,LC
Cabarrus College of Health Sciences,198109,Special,Specialized programs
Campbell University,198136,VC,C
Catawba College,198215,LC,C
Davidson College,198385,MC,Most competitive
Duke University,198419,MC,Most competitive
East Carolina University,198464,C,LC
Elizabeth City State University,198507,C,LC
Elon University,198516,HC,HC
Fayetteville State University,198543,C,LC
Gardner-Webb University,198561,C+,C
Greensboro College,198598,LC,LC
Guilford College,198613,C,C
High Point University,198695,VC,C
Johnson C Smith University,198756,LC,C
Lees-McRae College,198808,NC,C
Lenoir-Rhyne University,198835,LC,C
Livingstone College,198862,LC,LC
Mars Hill University,198899,C,LC
Meredith College,198950,C,C
Methodist University,198969,C,LC
Montreat College,199032,LC,C
University of Mount Olive,199069,C,C
North Carolina A & T State University,199102,C,LC
University of North Carolina at Asheville,199111,VC+,VC+
University of North Carolina at Chapel Hill,199120,MC,Most competitive
University of North Carolina at Charlotte,199139,VC,C
University of North Carolina at Greensboro,199148,C,C
North Carolina Central University,199157,C,LC
University of North Carolina School of the Arts,199184,Special,Specialized programs
North Carolina State University at Raleigh,199193,HC+,HC
North Carolina Wesleyan College,199209,C,C
University of North Carolina Wilmington,199218,VC,VC+
William Peace University,199272,LC,C
University of North Carolina at Pembroke,199281,LC,LC
Pfeiffer University,199306,LC,C
Queens University of Charlotte,199412,C,VC+
Saint Augustine's University,199582,C,C
Salem College,199607,C,VC
Shaw University,199643,C,LC
St. Andrews University,199698,LC,C
Wake Forest University,199847,MC,Most competitive
Warren Wilson College,199865,VC,VC
Wingate University,199962,C,C
Winston-Salem State University,199999,LC,LC
Western Carolina University,200004,C,C+
Dickinson State University,200059,LC,NC
University of Jamestown,200156,C,C
University of Mary,200217,C,C
Mayville State University,200226,NC,NC
Minot State University,200253,C,LC
University of North Dakota,200280,C,VC
North Dakota State University-Main Campus,200332,VC,C
Valley City State University,200572,C,NC
University of Akron Main Campus,200800,C,NC
Art Academy of Cincinnati,201061,Special,Specialized programs
Ashland University,201104,C,C
Baldwin Wallace University,201195,VC,VC
Bluffton University,201371,C+,LC
Bowling Green State University-Main Campus,201441,C,C
Capital University,201548,VC,C
Case Western Reserve University,201645,MC,Most competitive
Cedarville University,201654,VC,VC+
Central State University,201690,C,C
University of Cincinnati-Main Campus,201885,VC,VC
Cleveland Institute of Art,202046,Special,Specialized programs
Cleveland Institute of Music,202073,Special,Specialized programs
Cleveland State University,202134,C,NC
Columbus College of Art and Design,202170,Special,Specialized programs
University of Dayton,202480,VC,VC
Defiance College,202514,LC,C
Denison University,202523,HC+,HC+
The University of Findlay,202763,C,C
Franklin University,202806,NC,Specialized programs
Heidelberg University,203085,LC,C
Hiram College,203128,C,VC
John Carroll University,203368,C,VC
Kent State University at Kent,203517,C,C
Kenyon College,203535,MC,Most competitive
Lake Erie College,203580,LC,C
Lourdes University,203757,NC,C
Malone University,203775,C,C
Marietta College,203845,C,C+
Miami University-Oxford,204024,HC+,VC+
University of Mount Union,204185,C,C
Mount Vernon Nazarene University,204194,C,C
Mount Saint Joseph University,204200,LC,VC
Muskingum University,204264,C,C
Notre Dame College,204468,VC,C
Oberlin College,204501,MC,Most competitive
Ohio Dominican University,204617,C+,C
Ohio Northern University,204635,VC,VC
Ohio State University-Lima Campus,204671,C,C
Ohio State University-Mansfield Campus,204680,C,C
Ohio State University-Marion Campus,204699,VC,C
Ohio State University-Newark Campus,204705,C,C
Ohio State University-Main Campus,204796,MC,HC+
Ohio University-Main Campus,204857,VC,C
Ohio Wesleyan University,204909,VC,C+
Otterbein University,204936,C,C
University of Rio Grande,205203,LC,NC
Shawnee State University,205443,C,NC
Franciscan University of Steubenville,205957,VC,VC
Tiffin University,206048,LC,C
University of Toledo,206084,C,NC
Union Institute & University,206279,Special,Specialized programs
Urbana University,206330,C,C
Ursuline College,206349,LC,C
Walsh University,206437,C,C
Wilberforce University,206491,C,LC
Wilmington College,206507,C,C
Wittenberg University,206525,VC,C+
The College of Wooster,206589,HC,VC
Wright State University-Main Campus,206604,C,C
Xavier University,206622,VC,VC
Youngstown State University,206695,C,NC
Oklahoma Wesleyan University,206835,C,C
Southern Nazarene University,206862,C,NC
Cameron University,206914,LC,NC
University of Central Oklahoma,206941,C,C
East Central University,207041,C,C
Langston University,207209,C,LC
Northeastern State University,207263,VC,VC
Northwestern Oklahoma State University,207306,LC,NC
Oklahoma Christian University,207324,C,C
Oklahoma Panhandle State University,207351,C,NC
Oklahoma State University-Main Campus,207388,C+,VC
Oklahoma Baptist University,207403,C,VC
Oklahoma City University,207458,C,VC
University of Oklahoma-Norman Campus,207500,HC,VC+
Oral Roberts University,207582,C,C
University of Science and Arts of Oklahoma,207722,VC,VC
Southeastern Oklahoma State University,207847,C,C
Southwestern Oklahoma State University,207865,C,C
University of Tulsa,207971,HC,HC+
Concordia University-Portland,208488,C,C
Eastern Oregon University,208646,C,C
George Fox University,208822,C,VC
Lewis & Clark College,209056,MC,VC
Linfield College-McMinnville Campus,209065,C,VC
Northwest Christian University,209409,C,C
Oregon Institute of Technology,209506,C,C
Oregon State University,209542,VC,C
University of Oregon,209551,VC,VC
Pacific Northwest College of Art,209603,Special,Specialized programs
Pacific University,209612,C,C
Portland State University,209807,C,C
University of Portland,209825,VC,VC
Reed College,209922,MC,Most competitive
Southern Oregon University,210146,C,C
Warner Pacific University,210304,C,C
Corban University,210331,C,VC
Willamette University,210401,VC+,VC+
Western Oregon University,210429,LC,C
Bryn Athyn College of the New Church,210492,C,C
Albright College,210571,C,C+
Allegheny College,210669,VC,HC
DeSales University,210739,C,C
Alvernia University,210775,C,C
Arcadia University,211088,C+,C+
Bloomsburg University of Pennsylvania,211158,C,C
Bryn Mawr College,211273,MC,Most competitive
Bucknell University,211291,MC,Most competitive
Cabrini University,211352,LC,C
California University of Pennsylvania,211361,LC,C
Carlow University,211431,LC,C
Carnegie Mellon University,211440,MC,Most competitive
Cedar Crest College,211468,C,C+
Chatham University,211556,VC,C
Chestnut Hill College,211583,C,LC
Cheyney University of Pennsylvania,211608,LC,LC
Clarion University of Pennsylvania,211644,LC,C
Curtis Institute of Music,211893,Special,Specialized programs
Delaware Valley University,211981,C,C
Dickinson College,212009,MC,HC+
Drexel University,212054,HC,VC
Duquesne University,212106,VC,VC
East Stroudsburg University of Pennsylvania,212115,LC,C
Eastern University,212133,C,C
Edinboro University of Pennsylvania,212160,LC,C
Elizabethtown College,212197,VC,VC
Franklin and Marshall College,212577,MC,Most competitive
Gannon University,212601,C,C
Geneva College,212656,C,C
Gettysburg College,212674,MC,HC
Grove City College,212805,VC,HC+
Gwynedd Mercy University,212832,LC,C
Haverford College,212911,MC,Most competitive
Holy Family University,212984,LC,C
Immaculata University,213011,C,C
Indiana University of Pennsylvania-Main Campus,213020,C,C
Juniata College,213251,VC,HC
Keystone College,213303,LC,LC
King's College,213321,C,C
Kutztown University of Pennsylvania,213349,C,C
La Roche University,213358,C,C
La Salle University,213367,C,C
Lafayette College,213385,MC,Most competitive
Lebanon Valley College,213507,VC,C
Lehigh University,213543,MC,Most competitive
Lincoln University,213598,LC,C+
Lock Haven University,213613,LC,LC
Lycoming College,213668,C,C
Mansfield University of Pennsylvania,213783,LC,C
Marywood University,213826,C,C
Mercyhurst University,213987,C,C
Messiah University,213996,VC,VC
Millersville University of Pennsylvania,214041,C,C
Misericordia University,214069,C,C
Moore College of Art and Design,214148,Special,Specialized programs
Moravian College,214157,C,VC
Mount Aloysius College,214166,C,LC
Muhlenberg College,214175,VC,HC
Neumann University,214272,LC,LC
Pennsylvania State University-Penn State Erie-Behrend College,214591,VC,C
Pennsylvania State University-Penn State Altoona,214689,C,C
Pennsylvania State University-Main Campus,214777,HC,VC
Peirce College,214883,NC,NC
University of Pennsylvania,215062,MC,Most competitive
The University of the Arts,215105,Special,Specialized programs
Cairn University-Langhorne,215114,C,C
University of the Sciences,215132,VC,VC+
University of Pittsburgh-Bradford,215266,C,C+
University of Pittsburgh-Greensburg,215275,C,C
University of Pittsburgh-Johnstown,215284,C,LC
University of Pittsburgh-Pittsburgh Campus,215293,MC,HC+
Point Park University,215442,C,C
Robert Morris University,215655,C,LC
Rosemont College,215691,LC,C
Saint Francis University,215743,NC,LC
Saint Joseph's University,215770,VC,VC
Saint Vincent College,215798,C,VC
University of Scranton,215929,VC,VC
Seton Hill University,215947,VC,C
Shippensburg University of Pennsylvania,216010,C,LC
Slippery Rock University of Pennsylvania,216038,C,LC
Susquehanna University,216278,VC,VC
Swarthmore College,216287,MC,Most competitive
Temple University,216339,C+,VC
Thiel College,216357,LC,LC
Thomas Jefferson University,216366,C,
Ursinus College,216524,VC,VC+
Villanova University,216597,MC,Most competitive
Washington & Jefferson College,216667,VC,VC
Waynesburg University,216694,C,C
West Chester University of Pennsylvania,216764,VC,VC
Westminster College,216807,C,C+
Widener University,216852,C,C
Wilkes University,216931,C,C
Wilson College,217013,LC,C
York College of Pennsylvania,217059,C,C
Brown University,217156,MC,Most competitive
Bryant University,217165,VC,HC
Johnson & Wales University-Providence,217235,C,C
Providence College,217402,HC,HC
Rhode Island College,217420,LC,LC
University of Rhode Island,217484,VC,C+
Rhode Island School of Design,217493,Special,Specialized programs
Roger Williams University,217518,VC,C
Salve Regina University,217536,VC,VC
Allen University,217624,NC,
Charleston Southern University,217688,C,C
Benedict College,217721,NC,NC
Southern Wesleyan University,217776,LC,C
College of Charleston,217819,VC,VC
Citadel Military College of South Carolina,217864,C,C
Claflin University,217873,LC,C+
Clemson University,217882,HC,HC
Coker University,217907,C,C
Columbia College,217934,C,C
Converse College,217961,C,VC
Erskine College,217998,C,C
Francis Marion University,218061,LC,C
Furman University,218070,VC+,HC+
Lander University,218229,C,C+
Limestone College,218238,C,C
Morris College,218399,LC,LC
Newberry College,218414,C,LC
North Greenville University,218441,C,
Presbyterian College,218539,C,VC
University of South Carolina Aiken,218645,C,LC
University of South Carolina-Columbia,218663,VC,VC+
Coastal Carolina University,218724,C,C
South Carolina State University,218733,LC,LC
University of South Carolina-Upstate,218742,LC,C
Voorhees College,218919,C,C
Winthrop University,218964,C,C
Wofford College,218973,VC,HC
Augustana University,219000,VC,VC
Black Hills State University,219046,C,LC
Dakota State University,219082,C,C
Dakota Wesleyan University,219091,LC,C
Mount Marty College,219198,C,C
Northern State University,219259,C,C
Oglala Lakota College,219277,NC,NC
Presentation College,219295,LC,LC
South Dakota School of Mines and Technology,219347,C+,VC+
South Dakota State University,219356,C,C
Sinte Gleska University,219374,NC,NC
University of Sioux Falls,219383,C,C
University of South Dakota,219471,C,C
Austin Peay State University,219602,C,C
Belmont University,219709,VC+,VC
Bethel University,219718,C,C
Bryan College-Dayton,219790,C,C
Carson-Newman University,219806,C,VC
Christian Brothers University,219833,VC,HC
Cumberland University,219949,C,C
Lipscomb University,219976,VC,VC
East Tennessee State University,220075,C,C
Fisk University,220181,LC,C
Freed-Hardeman University,220215,C,VC
King University,220516,C,
Lane College,220598,LC,C
Le Moyne-Owen College,220604,C,C
Lee University,220613,C,C+
Lincoln Memorial University,220631,C,C
Memphis College of Art,220808,Special,Specialized programs
University of Memphis,220862,C,C
Middle Tennessee State University,220978,C,C
Rhodes College,221351,HC,Most competitive
The University of the South,221519,HC+,HC
Southern Adventist University,221661,C,C
Tennessee Wesleyan University,221731,LC,C
The University of Tennessee-Chattanooga,221740,C+,C
The University of Tennessee-Knoxville,221759,VC,VC+
The University of Tennessee-Martin,221768,C,C
Tennessee State University,221838,LC,C
Tennessee Technological University,221847,C,C
Trevecca Nazarene University,221892,C,VC
Tusculum University,221953,LC,C
Union University,221971,VC,C
Vanderbilt University,221999,MC,Most competitive
Abilene Christian University,222178,C+,VC
Angelo State University,222831,LC,NC
Austin College,222983,HC,HC
Baylor University,223232,HC,HC
Concordia University Texas,224004,C,C
Texas A & M University-Corpus Christi,224147,LC,LC
Dallas Baptist University,224226,VC,C
University of Dallas,224323,VC,VC+
East Texas Baptist University,224527,C,C
Texas A & M University-Commerce,224554,C,C
Hardin-Simmons University,225247,C,C+
Houston Baptist University,225399,C,C+
University of Houston-Downtown,225432,LC,NC
University of Houston,225511,VC,C
Howard Payne University,225548,C,C
Huston-Tillotson University,225575,LC,C+
University of the Incarnate Word,225627,LC,C
Jarvis Christian College,225885,NC,NC
Lamar University,226091,LC,LC
LeTourneau University,226231,VC,C
Lubbock Christian University,226383,C,C
University of Mary Hardin-Baylor,226471,C+,C
McMurry University,226587,LC,C
Midwestern State University,226833,LC,C
University of North Texas,227216,C,C
Our Lady of the Lake University,227331,LC,LC
The University of Texas Rio Grande Valley,227368,LC,C
Paul Quinn College,227429,LC,LC
Prairie View A & M University,227526,LC,LC
Rice University,227757,MC,Most competitive
Saint Edward's University,227845,VC,VC
University of St Thomas,227863,VC,VC+
Sam Houston State University,227881,C,C
Schreiner University,228042,LC,C
St. Mary's University,228149,C,C
Southern Methodist University,228246,MC,HC+
Southwestern University,228343,VC,HC
Stephen F Austin State University,228431,LC,C
Texas State University,228459,C,C
Southwestern Adventist University,228468,LC,LC
Sul Ross State University,228501,LC,LC
Tarleton State University,228529,LC,LC
Texas A & M University-Kingsville,228705,LC,LC
Texas A & M University-College Station,228723,VC+,HC
The University of Texas at Arlington,228769,C,LC
The University of Texas at Austin,228778,MC,HC
The University of Texas at Dallas,228787,MC,HC
The University of Texas at El Paso,228796,NC,NC
Texas Christian University,228875,HC,HC
Texas Lutheran University,228981,C,C
The University of Texas at San Antonio,229027,C,C
Texas Southern University,229063,LC,C
Texas Tech University,229115,C+,C
Texas Wesleyan University,229160,C,C
Texas Woman's University,229179,LC,LC
Trinity University,229267,MC,HC+
Wayland Baptist University,229780,LC,LC
West Texas A & M University,229814,C,C
Wiley College,229887,C,LC
Brigham Young University-Provo,230038,MC,VC
Brigham Young University-Hawaii,230047,C,VC
Southern Utah University,230603,C,C
Utah State University,230728,C,LC
University of Utah,230764,VC,VC
Weber State University,230782,C,NC
Westminster College,230807,C,VC
Bennington College,230816,MC,HC+
Castleton University,230834,C,C
Champlain College,230852,VC,VC
Goddard College,230889,VC,C
Green Mountain College,230898,LC,LC
Marlboro College,230940,VC+,VC
Middlebury College,230959,MC,Most competitive
Norwich University,230995,C,C
Saint Michael's College,231059,VC+,VC
College of St Joseph,231077,LC,LC
Southern Vermont College,231086,LC,LC
Sterling College,231095,VC,C
Vermont Technical College,231165,C,C
University of Vermont,231174,HC,VC+
Averett University,231420,LC,C
Bluefield College,231554,C,C+
Bridgewater College,231581,C,C
William & Mary,231624,MC,Most competitive
Christopher Newport University,231712,VC+,VC
Emory & Henry College,232025,C,C
Eastern Mennonite University,232043,C,VC
Ferrum College,232089,C,LC
George Mason University,232186,C,VC
Hampden-Sydney College,232256,VC,C+
Hampton University,232265,C,C
Hollins University,232308,VC,C+
James Madison University,232423,VC,VC
Liberty University,232557,C,C
Longwood University,232566,C,C
University of Lynchburg,232609,C,C
Mary Baldwin University,232672,C,VC
University of Mary Washington,232681,C+,VC
Marymount University,232706,C,C
Norfolk State University,232937,LC,LC
Old Dominion University,232982,C,C
Radford University,233277,C,C
Randolph-Macon College,233295,VC,C
Randolph College,233301,C,C+
University of Richmond,233374,MC,Most competitive
Roanoke College,233426,VC,C
Shenandoah University,233541,C,C
The University of Virginia's College at Wise,233897,LC,C
Virginia Polytechnic Institute and State University,233921,VC,HC
Virginia Commonwealth University,234030,VC,C
University of Virginia-Main Campus,234076,MC,Most competitive
Virginia Military Institute,234085,VC,C
Virginia State University,234155,C+,C+
Virginia Union University,234164,C,C
Virginia Wesleyan University,234173,LC,LC
Washington and Lee University,234207,MC,Most competitive
Central Washington University,234827,C,C
City University of Seattle,234915,NC,NC
Cornish College of the Arts,235024,Special,Specialized programs
Eastern Washington University,235097,LC,C
The Evergreen State College,235167,C,C+
Gonzaga University,235316,HC,HC
Heritage University,235422,NC,NC
Northwest University,236133,VC,C
Pacific Lutheran University,236230,C,VC
University of Puget Sound,236328,HC,HC+
Saint Martin's University,236452,C,C
Seattle Pacific University,236577,C+,C+
Seattle University,236595,VC,VC
Walla Walla University,236896,C,NC
Washington State University,236939,C,C
University of Washington-Seattle Campus,236948,MC,VC
Western Washington University,237011,VC,VC
Whitman College,237057,MC,Most competitive
Whitworth University,237066,VC,C+
Alderson Broaddus University,237118,LC,C
Bethany College,237181,LC,C
Bluefield State College,237215,LC,LC
University of Charleston,237312,LC,C
Concord University,237330,LC,LC
Davis & Elkins College,237358,LC,C
Fairmont State University,237367,C,LC
Glenville State College,237385,LC,NC
Marshall University,237525,C,C
Ohio Valley University,237640,C,C
Salem University,237783,C,C
Shepherd University,237792,C,C
West Virginia State University,237899,LC,NC
West Liberty University,237932,C,LC
West Virginia University Institute of Technology,237950,C,NC
West Virginia Wesleyan College,237969,C,C
West Virginia University,238032,VC,C+
Wheeling University,238078,LC,C
Alverno College,238193,LC,C+
Beloit College,238333,HC,HC
Cardinal Stritch University,238430,C,C
Carroll University,238458,C+,C
Carthage College,238476,C,C
Concordia University-Wisconsin,238616,C,VC
Edgewood College,238661,C,C
Lakeland University,238980,C,C
Lawrence University,239017,HC+,HC+
Marian University,239080,C,C
Marquette University,239105,VC+,HC+
Milwaukee Institute of Art & Design,239309,Special,Specialized programs
Milwaukee School of Engineering,239318,HC+,VC+
Mount Mary University,239390,LC,C
Northland College,239512,C+,C
Ripon College,239628,VC,C+
Saint Norbert College,239716,VC,VC+
Holy Family College,239743,LC,LC
Viterbo University,240107,C,C
University of Wisconsin-Whitewater,240189,C,C
University of Wisconsin-Eau Claire,240268,VC,VC
University of Wisconsin-Green Bay,240277,C,C
University of Wisconsin-La Crosse,240329,VC,VC
Wisconsin Lutheran College,240338,C,VC
University of Wisconsin-Oshkosh,240365,C,LC
University of Wisconsin-Parkside,240374,C,LC
University of Wisconsin-Stout,240417,C,C
University of Wisconsin-Superior,240426,C,VC
University of Wisconsin-Madison,240444,MC,HC+
University of Wisconsin-Milwaukee,240453,C,C
University of Wisconsin-Platteville,240462,C,C
University of Wisconsin-River Falls,240471,C,LC
University of Wisconsin-Stevens Point,240480,C,C
University of Wyoming,240727,C,C+
Stanford University,243744,MC,Most competitive
Purdue University-Main Campus,243780,MC,VC
St. John's College,245652,HC+,HC+
New College of Florida,262129,HC+,HC+
Pennsylvania College of Technology,366252,NC,NC
California State University-San Marcos,366711,LC,C
Hodges University,367884,LC,LC
Beacon College,384254,C,C
Arizona State University-West,407009,VC,
California State University-Monterey Bay,409698,LC,LC
Johnson & Wales University-North Miami,414823,C,C
Arizona State University-Polytechnic,420574,VC,
Embry-Riddle Aeronautical University-Worldwide,426314,C,
Florida Gulf Coast University,433660,C,C
Johnson & Wales University-Denver,439288,C,C
Franklin W Olin College of Engineering,441982,Special,Specialized programs
Johnson & Wales University-Charlotte,445708,C,C
University of South Florida-St Petersburg,448840,C,VC
Arizona State University-Downtown Phoenix,448886,VC,
Elizabethtown College School of Continuing and Professional Studies,480134,C,
Augusta University,482149,C,
University of North Georgia,482680,C,
Kennesaw State University,486840,VC,
Milligan University,486901,C,
Husson University,487524,C,
Purdue University Northwest,490805,C,
Baker College - Flint,494889,NC,
"Concordia College - Selma, AL",101073,,NC
"American Indian College of the Assemblies of God - Phoenix, AZ",103787,,C
"DeVry University/Phoenix - Phoenix, AZ",104531,,LC
"DeVry University/Pomona - Pomona, CA",113607,,LC
"Santa Clara University - Santa Clara, CA",122931,,HC+
"University of Connecticut - Storrs, CT",129020,,HC
"Corcoran College of Art and Design - Washington, DC",131308,,Specialized programs
"Clearwater Christian College - Clearwater, FL",133085,,C
"Northwood University - West Palm Beach, FL",136206,,LC
"Armstrong Atlantic State University - Savannah, GA",138789,,C
"Augusta State University - Augusta, GA",138983,,C
"DeVry University/Decatur - Decatur, GA",139533,,LC
"Kennesaw State University - Kennesaw, GA",140164,,C
"North Georgia College & State University - Dahlonega, GA",140669,,C
"Southern Polytechnic State University - Marietta, GA",141097,,VC
"DeVry University/Chicago - Chicago, IL",144759,,LC
"East-West University - Chicago, IL",144883,,C
"Kendall College - Chicago, IL",146393,,NC
"Shimer College - Chicago, IL",148849,,HC
"Purdue University/Calumet - Hammond, IN",152248,,LC
"Saint Joseph's College - Rensselaer, IN",152363,,LC
"Husson University - Bangor, ME",161165,,LC
"Sojourner-Douglass College - Baltimore, MD",163921,,LC
"Boston Conservatory - Boston, MA",164933,,Specialized programs
"Mount Ida College - Newton, MA",166948,,LC
"Wheelock College - Boston, MA",168290,,C
"Baker College of Flint - Flint, MI",168847,,NC
"Cleary University - Ann Arbor, MI",169327,,C
"College of Visual Arts - St. Paul, MN",174932,,Specialized programs
"DeVry University/Kansas City - Kansas City, MO",177162,,LC
"University of Great Falls - Great Falls, MT",180258,,C
"Daniel Webster College - Nashua, NH",182661,,C
"Hesser College - Manchester, NH",182865,,NC
"DeVry University/North Brunswick - North Brunswick, NJ",184269,,LC
"Santa Fe University of Art and Design - Santa Fe, NM",188146,,C
"Dowling College - Oakdale, NY",190770,,LC
"Long Island University/Brooklyn Campus - Brooklyn, NY",192439,,C
"Long Island University/C.W. Post Campus - Brookville, NY",192448,,C
"Polytechnic Institute of New York University - Brooklyn, NY",194541,,HC
"Cincinnati College of Mortuary Science - Cincinnati, OH",201867,,Specialized programs
"Chancellor University - Cleveland, OH",202611,,C
"Saint Gregory's University - Shawnee, OK",207689,,NC
"Art Institute of Portland - Portland, OR",208239,,Specialized programs
"Marylhurst University - Marylhurst, OR",209108,,NC
"Philadelphia University - Philadelphia, PA",215099,,C
"National American University - Rapid City, SD",219204,,NC
"Aquinas College - Nashville, TN",219578,,LC
"Maryville College - Maryville, TN",220710,,VC
"Victory University - Memphis, TN",220941,,C+
"Milligan College - Milligan College, TN",221014,,C
"Northwood University - Cedar Hill, TX",227243,,LC
"Texas A&M University at Galveston - Galveston, TX",228714,,C
"Burlington College - Burlington, VT",230825,,Specialized programs
"Johnson State College - Johnson, VT",230913,,C
"Lyndon State College - Lyndonville, VT",230931,,C
"Saint Paul's College - Lawrenceville, VA",233499,,NC
"Sweet Briar College - Sweet Briar, VA",233718,,C+
"Virginia Intermont College - Bristol, VA",233912,,LC
"Mountain State University - Beckley, WV",237154,,NC
"Kaplan University - Davenport, IA",260901,,NC
"King College - Bristol, USA",382504,,VC+
"DeVry/College of New York - Long Island City, NY",432199,,LC
"American InterContinental University - Atlanta, GA",438586,,NC
"DeVry University/Miramar - Miramar, FL",439163,,LC
"DeVry University/Westminster - Westminster, CO",440590,,LC
"DeVry University/Federal Way - Federal Way, WA",441937,,C
,445188,,C
"Chamberlain College of Nursing - St. Louis, MO",466921,,Specialized programs
"DeVry University/Columbus - Columbus, OH",482574,,LC
"DeVry University/Fort Washington - Fort Washington, PA",482608,,LC
"DeVry University/Irving Campus - Irving, TX",482635,,LC
"DeVry University/Arlington - Arlington, VA",482653,,LC
